Pathway,score
Androgen,-0.05179999999999996
EGFR,0.9954000000000001
Estrogen,0.629
Hypoxia,-0.49860000000000004
JAK.STAT,1
MAPK,1
NFkB,1
p53,-0.9736
PI3K,0.9974000000000001
TGFb,-0.8426
TNFa,0.9998
Trail,0.6664000000000001
VEGF,0.16300000000000003
WNT,-0.4242
