Pathway,score
Androgen,-0.05020000000000002
EGFR,0.994
Estrogen,0.627
Hypoxia,-0.5107999999999999
JAK.STAT,1
MAPK,1
NFkB,1
p53,-0.9688
PI3K,0.9972000000000001
TGFb,-0.8444
TNFa,1
Trail,0.6634
VEGF,0.1492
WNT,-0.4032
